Date,Adj_Close
2021-04-07,379.7481384277344
2021-04-08,381.55072021484375
2021-04-09,384.3246765136719
2021-04-12,384.46478271484375
2021-04-13,385.60418701171875
2021-04-14,384.28729248046875
2021-04-15,388.41552734375
2021-04-16,389.71368408203125
2021-04-19,387.799072265625
2021-04-20,384.959716796875
2021-04-21,388.6022644042969
2021-04-22,385.05316162109375
2021-04-23,389.22808837890625
2021-04-26,390.0406188964844
2021-04-27,389.9565734863281
2021-04-28,389.844482421875
2021-04-29,392.3288269042969
2021-04-30,389.7510986328125
2021-05-03,390.5916748046875
2021-05-04,388.1819763183594
2021-05-05,388.303466796875
2021-05-06,391.40423583984375
2021-05-07,394.25286865234375
2021-05-10,390.3488464355469
2021-05-11,386.86505126953125
2021-05-12,378.64593505859375
2021-05-13,383.19451904296875
2021-05-14,389.07855224609375
2021-05-17,388.0886535644531
2021-05-18,384.7449951171875
2021-05-19,383.7362365722656
2021-05-20,387.8644104003906
2021-05-21,387.546875
2021-05-24,391.4976501464844
2021-05-25,390.6290588378906
2021-05-26,391.40423583984375
2021-05-27,391.60968017578125
2021-05-28,392.3101806640625
2021-06-01,391.9646911621094
2021-06-02,392.5810241699219
2021-06-03,391.1239929199219
2021-06-04,394.7012023925781
2021-06-07,394.3183288574219
2021-06-08,394.40240478515625
2021-06-09,393.81390380859375
2021-06-10,395.64447021484375
2021-06-11,396.29833984375
2021-06-14,397.1855773925781
2021-06-15,396.45703125
2021-06-16,394.2435302734375
2021-06-17,394.11285400390625
2021-06-18,388.79608154296875
2021-06-21,394.362060546875
2021-06-22,396.4704284667969
2021-06-23,395.99249267578125
2021-06-24,398.3351135253906
2021-06-25,399.7500305175781
2021-06-28,400.5558166503906
2021-06-29,400.7714538574219
2021-06-30,401.1086730957031
2021-07-01,403.3295593261719
2021-07-02,406.412353515625
2021-07-06,405.67205810546875
2021-07-07,407.105712890625
2021-07-08,403.7887878417969
2021-07-09,408.0990905761719
2021-07-12,409.560791015625
2021-07-13,408.1646423339844
2021-07-14,408.77362060546875
2021-07-15,407.3775634765625
2021-07-16,404.1822204589844
2021-07-19,398.2133483886719
2021-07-20,403.9197998046875
2021-07-21,407.19012451171875
2021-07-22,408.0428161621094
2021-07-23,412.2407531738281
2021-07-26,413.2527770996094
2021-07-27,411.36932373046875
2021-07-28,411.2006530761719
2021-07-29,412.9059753417969
2021-07-30,410.90081787109375
2021-08-02,410.03875732421875
2021-08-03,413.37457275390625
2021-08-04,411.3412170410156
2021-08-05,413.9461364746094
2021-08-06,414.63018798828125
2021-08-09,414.2928466796875
2021-08-10,414.80828857421875
2021-08-11,415.8389587402344
2021-08-12,417.0852966308594
2021-08-13,417.84417724609375
2021-08-16,418.8281555175781
2021-08-17,416.0826110839844
2021-08-18,411.5286560058594
2021-08-19,412.16583251953125
2021-08-20,415.4454345703125
2021-08-23,419.099853515625
2021-08-24,419.7651672363281
2021-08-25,420.64605712890625
2021-08-26,418.162841796875
2021-08-27,421.90155029296875
2021-08-30,423.7569885253906
2021-08-31,423.1291198730469
2021-09-01,423.3539123535156
2021-09-02,424.656494140625
2021-09-03,424.5534362792969
2021-09-07,423.0354309082031
2021-09-08,422.5200500488281
2021-09-09,420.7115478515625
2021-09-10,417.3944396972656
2021-09-13,418.4626770019531
2021-09-14,416.2044677734375
2021-09-15,419.68084716796875
2021-09-16,419.01556396484375
2021-09-17,414.9339904785156
2021-09-20,408.01519775390625
2021-09-21,407.6297912597656
2021-09-22,411.6061096191406
2021-09-23,416.6071472167969
2021-09-24,417.2933654785156
2021-09-27,416.0994873046875
2021-09-28,407.71435546875
2021-09-29,408.400634765625
2021-09-30,403.4090270996094
2021-10-01,408.20318603515625
2021-10-04,402.93902587890625
2021-10-05,407.1315612792969
2021-10-06,408.8236389160156
2021-10-07,412.358154296875
2021-10-08,411.6061096191406
2021-10-11,408.6262512207031
2021-10-12,407.620361328125
2021-10-13,409.0868835449219
2021-10-14,415.9678955078125
2021-10-15,419.1358337402344
2021-10-18,420.3768005371094
2021-10-19,423.6199645996094
2021-10-20,425.28375244140625
2021-10-21,426.39300537109375
2021-10-22,425.9512023925781
2021-10-25,428.2354431152344
2021-10-26,428.620849609375
2021-10-27,426.72198486328125
2021-10-28,430.8394470214844
2021-10-29,431.7136535644531
2021-11-01,432.4562072753906
2021-11-02,434.2047119140625
2021-11-03,436.8555908203125
2021-11-04,438.91436767578125
2021-11-05,440.43719482421875
2021-11-08,440.81317138671875
2021-11-09,439.3561706542969
2021-11-10,435.8215637207031
2021-11-11,435.962646484375
2021-11-12,439.25274658203125
2021-11-15,439.403076171875
2021-11-16,441.1421813964844
2021-11-17,440.0705871582031
2021-11-18,441.5653076171875
2021-11-19,440.7756652832031
2021-11-22,439.5347900390625
2021-11-23,440.1175231933594
2021-11-24,441.2925720214844
2021-11-26,431.45050048828125
2021-11-29,436.7428283691406
2021-11-30,428.2448425292969
2021-12-01,423.4882507324219
2021-12-02,429.9744873046875
2021-12-03,426.233154296875
2021-12-06,431.2812194824219
2021-12-07,440.2022399902344
2021-12-08,441.36773681640625
2021-12-09,438.3879089355469
2021-12-10,442.5146789550781
2021-12-13,438.59466552734375
2021-12-14,435.5771484375
2021-12-15,442.38299560546875
2021-12-16,438.4819030761719
2021-12-17,433.8151550292969
2021-12-20,429.2023010253906
2021-12-21,436.824462890625
2021-12-22,441.192138671875
2021-12-23,443.937255859375
2021-12-27,450.21990966796875
2021-12-28,449.85205078125
2021-12-29,450.42742919921875
2021-12-30,449.18218994140625
2021-12-31,448.0502624511719
2022-01-03,450.6444396972656
2022-01-04,450.4935302734375
2022-01-05,441.8430480957031
2022-01-06,441.4280090332031
2022-01-07,439.6827392578125
2022-01-10,439.1356506347656
2022-01-11,443.1354675292969
2022-01-12,444.33343505859375
2022-01-13,438.2112121582031
2022-01-14,438.3904113769531
2022-01-18,430.6267395019531
2022-01-19,426.1552734375
2022-01-20,421.4385681152344
2022-01-21,413.1654357910156
2022-01-24,414.91998291015625
2022-01-25,409.85430908203125
2022-01-26,408.8260498046875
2022-01-27,406.8072509765625
2022-01-28,416.9104309082031
2022-01-31,424.4195556640625
2022-02-01,427.2873229980469
2022-02-02,431.4379577636719
2022-02-03,421.29705810546875
2022-02-04,423.2781066894531
2022-02-07,421.9196472167969
2022-02-08,425.3912048339844
2022-02-09,431.61724853515625
2022-02-10,423.8628845214844
2022-02-11,415.5049133300781
2022-02-14,414.146484375
2022-02-15,420.8253173828125
2022-02-16,421.29705810546875
2022-02-17,412.2974853515625
2022-02-18,409.6279296875
2022-02-22,405.2319030761719
2022-02-23,398.0436096191406
2022-02-24,404.0338134765625
2022-02-25,412.9484558105469
2022-02-28,411.8919677734375
2022-03-01,405.61865234375
2022-03-02,413.0805358886719
2022-03-03,411.0240478515625
2022-03-04,407.6845703125
2022-03-07,395.6663818359375
2022-03-08,392.6665954589844
2022-03-09,403.19427490234375
2022-03-10,401.3736572265625
2022-03-11,396.2701721191406
2022-03-14,393.37408447265625
2022-03-15,402.0245666503906
2022-03-16,410.93914794921875
2022-03-17,416.08038330078125
2022-03-18,420.6376037597656
2022-03-21,420.5145263671875
2022-03-22,425.4352111816406
2022-03-23,419.956298828125
2022-03-24,426.286865234375
2022-03-25,428.3686218261719
2022-03-28,431.4156494140625
2022-03-29,436.7525939941406
2022-03-30,434.05584716796875
2022-03-31,427.3750915527344
2022-04-01,428.5862731933594
2022-04-04,432.2578125
2022-04-05,426.79779052734375
2022-04-06,422.5301208496094
2022-04-07,424.6592102050781
2022-04-08,423.5237121582031
2022-04-11,416.2847595214844
2022-04-12,414.7423095703125
2022-04-13,419.4925842285156
2022-04-14,414.2691955566406
2022-04-18,414.4395446777344
2022-04-19,421.1296691894531
2022-04-20,420.8173828125
2022-04-21,414.52471923828125
2022-04-22,403.1504211425781
2022-04-25,405.48773193359375
2022-04-26,393.7445068359375
2022-04-27,394.8516845703125
2022-04-28,404.8253173828125
2022-04-29,389.86474609375
2022-05-02,392.2115783691406
2022-05-03,394.0094299316406
2022-05-04,406.00823974609375
2022-05-05,391.5775146484375
2022-05-06,389.2402648925781
2022-05-09,376.7778625488281
2022-05-10,377.64837646484375
2022-05-11,371.64898681640625
2022-05-12,371.2610168457031
2022-05-13,380.1370849609375
2022-05-16,378.5946350097656
2022-05-17,386.3824768066406
2022-05-18,370.80682373046875
2022-05-19,368.5357666015625
2022-05-20,368.6966857910156
2022-05-23,375.594970703125
2022-05-24,372.72772216796875
2022-05-25,376.0207824707031
2022-05-26,383.5341796875
2022-05-27,392.94964599609375
2022-05-31,390.7447814941406
2022-06-01,387.584228515625
2022-06-02,394.9652099609375
2022-06-03,388.483154296875
2022-06-06,389.666015625
2022-06-07,393.4038391113281
2022-06-08,389.126708984375
2022-06-09,379.8721008300781
2022-06-10,368.8574523925781
2022-06-13,354.8526611328125
2022-06-14,353.78338623046875
2022-06-15,358.8270568847656
2022-06-16,346.9512023925781
2022-06-17,347.6991882324219
2022-06-21,356.45208740234375
2022-06-22,355.8057861328125
2022-06-23,359.29364013671875
2022-06-24,370.7169189453125
2022-06-27,369.3009338378906
2022-06-28,361.75506591796875
2022-06-29,361.4604187011719
2022-06-30,358.5238037109375
2022-07-01,362.3157958984375
2022-07-05,363.0000305175781
2022-07-06,364.22601318359375
2022-07-07,369.6810607910156
2022-07-08,369.3769226074219
2022-07-11,365.1573791503906
2022-07-12,361.92608642578125
2022-07-13,360.0253601074219
2022-07-14,359.151123046875
2022-07-15,366.0126037597656
2022-07-18,362.99053955078125
2022-07-19,372.79827880859375
2022-07-20,375.1741943359375
2022-07-21,378.9945983886719
2022-07-22,375.478271484375
2022-07-25,375.9344482421875
2022-07-26,371.48681640625
2022-07-27,381.1329345703125
2022-07-28,385.9131774902344
2022-07-29,391.5393371582031
2022-08-01,390.3799743652344
2022-08-02,387.804443359375
2022-08-03,393.8772888183594
2022-08-04,393.6112060546875
2022-08-05,392.9459228515625
2022-08-08,392.4897155761719
2022-08-09,390.9311828613281
2022-08-10,399.1422424316406
2022-08-11,399.1422424316406
2022-08-12,405.8993225097656
2022-08-15,407.5719909667969
2022-08-16,408.3702392578125
2022-08-17,405.47161865234375
2022-08-18,406.6501770019531
2022-08-19,401.1855163574219
2022-08-22,392.83184814453125
2022-08-23,391.88153076171875
2022-08-24,393.1360168457031
2022-08-25,398.6861572265625
2022-08-26,385.19091796875
2022-08-29,382.6440124511719
2022-08-30,378.4434509277344
2022-08-31,375.56378173828125
2022-09-01,376.7422180175781
2022-09-02,372.7696838378906
2022-09-06,371.3631896972656
2022-09-07,378.03466796875
2022-09-08,380.50567626953125
2022-09-09,386.4169616699219
2022-09-12,390.5699768066406
2022-09-13,373.5870361328125
2022-09-14,375.01251220703125
2022-09-15,370.75494384765625
2022-09-16,367.926513671875
2022-09-19,370.7797546386719
2022-09-20,366.52374267578125
2022-09-21,360.1301574707031
2022-09-22,357.1051940917969
2022-09-23,351.12188720703125
2022-09-26,347.6483459472656
2022-09-27,346.76092529296875
2022-09-28,353.58392333984375
2022-09-29,346.1979064941406
2022-09-30,340.844482421875
2022-10-03,349.84320068359375
2022-10-04,360.6836853027344
2022-10-05,359.84393310546875
2022-10-06,356.1318359375
2022-10-07,346.1979064941406
2022-10-10,343.5545654296875
2022-10-11,341.37884521484375
2022-10-12,340.25286865234375
2022-10-13,349.232421875
2022-10-14,341.27392578125
2022-10-17,350.0435791015625
2022-10-18,354.156494140625
2022-10-19,351.6467590332031
2022-10-20,348.69805908203125
2022-10-21,357.1719055175781
2022-10-24,361.5425109863281
2022-10-25,367.31585693359375
2022-10-26,364.5484313964844
2022-10-27,362.6017761230469
2022-10-28,371.2282409667969
2022-10-31,368.5467224121094
2022-11-01,366.9341125488281
2022-11-02,357.7254638671875
2022-11-03,354.0420227050781
2022-11-04,359.13775634765625
2022-11-07,362.5730895996094
2022-11-08,364.529296875
2022-11-09,357.019287109375
2022-11-10,376.6389465332031
2022-11-11,380.28424072265625
2022-11-14,377.04925537109375
2022-11-15,380.26513671875
2022-11-16,377.3642272949219
2022-11-17,376.2095642089844
2022-11-18,377.91766357421875
2022-11-21,376.54345703125
2022-11-22,381.6107482910156
2022-11-23,384.0154113769531
2022-11-25,383.9295349121094
2022-11-28,377.8031311035156
2022-11-29,377.1543273925781
2022-11-30,389.0348815917969
2022-12-01,388.7485656738281
2022-12-02,388.3000793457031
2022-12-05,381.31488037109375
2022-12-06,375.81829833984375
2022-12-07,375.1788635253906
2022-12-08,378.1180419921875
2022-12-09,375.29345703125
2022-12-12,380.70416259765625
2022-12-13,383.5859680175781
2022-12-14,381.1335754394531
2022-12-15,371.8104248046875
2022-12-16,367.4207458496094
2022-12-19,364.30511474609375
2022-12-20,364.8036804199219
2022-12-21,370.25836181640625
2022-12-22,364.9761962890625
2022-12-23,367.07562255859375
2022-12-27,365.6280212402344
2022-12-28,361.0840759277344
2022-12-29,367.58367919921875
2022-12-30,366.615478515625
2023-01-03,365.07208251953125
2023-01-04,367.8905334472656
2023-01-05,363.6916198730469
2023-01-06,372.03179931640625
2023-01-09,371.8209228515625
2023-01-10,374.428466796875
2023-01-11,379.1641540527344
2023-01-12,380.5446472167969
2023-01-13,382.0209045410156
2023-01-17,381.3211364746094
2023-01-18,375.3008117675781
2023-01-19,372.5686950683594
2023-01-20,379.50927734375
2023-01-23,384.0628662109375
2023-01-24,383.6506652832031
2023-01-25,383.7944030761719
2023-01-26,388.012451171875
2023-01-27,388.904052734375
2023-01-30,384.0245361328125
2023-01-31,389.6708984375
2023-02-01,393.8122863769531
2023-02-02,399.54498291015625
2023-02-03,395.29827880859375
2023-02-06,392.88238525390625
2023-02-07,398.02081298828125
2023-02-08,393.6684875488281
2023-02-09,390.25567626953125
2023-02-10,391.1664733886719
2023-02-13,395.7582702636719
2023-02-14,395.5762023925781
2023-02-15,396.8608093261719
2023-02-16,391.3965148925781
2023-02-17,390.418701171875
2023-02-21,382.5865173339844
2023-02-22,382.059326171875
2023-02-23,384.09161376953125
2023-02-24,379.9886169433594
2023-02-27,381.2828063964844
2023-02-28,379.87359619140625
2023-03-01,378.4164123535156
2023-03-02,381.35943603515625
2023-03-03,387.4756164550781
2023-03-06,387.7440185546875
2023-03-07,381.80047607421875
2023-03-08,382.423583984375
2023-03-09,375.36798095703125
2023-03-10,369.9515686035156
2023-03-13,369.4242858886719
2023-03-14,375.5309143066406
2023-03-15,373.1822204589844
2023-03-16,379.7297058105469
2023-03-17,375.2896728515625
2023-03-20,378.8983154296875
2023-03-21,383.8734436035156
2023-03-22,377.3298034667969
2023-03-23,378.3498229980469
2023-03-24,380.83258056640625
2023-03-27,381.5447082519531
2023-03-28,380.688232421875
2023-03-29,386.2215270996094
2023-03-30,388.48291015625
2023-03-31,393.95843505859375
2023-04-03,395.45965576171875
2023-04-04,393.2655334472656
2023-04-05,392.2359313964844
2023-04-06,393.7659912109375
2023-04-10,394.170166015625
2023-04-11,394.2760314941406
2023-04-12,392.6689453125
2023-04-13,397.8846740722656
2023-04-14,396.9127197265625
2023-04-17,398.3369445800781
2023-04-18,398.59674072265625
2023-04-19,398.52935791015625
2023-04-20,396.35455322265625
2023-04-21,396.6625061035156
2023-04-24,397.0762634277344
2023-04-25,390.7731628417969
2023-04-26,389.1180419921875
2023-04-27,396.8646240234375
2023-04-28,400.2519226074219
2023-05-01,399.8477478027344
2023-05-02,395.3537902832031
2023-05-03,392.6400451660156
2023-05-04,389.8590393066406
2023-05-05,397.0762634277344
2023-05-08,397.18212890625
2023-05-09,395.4403991699219
2023-05-10,397.2879943847656
2023-05-11,396.5952453613281
2023-05-12,396.0755310058594
2023-05-15,397.4420166015625
2023-05-16,394.7859802246094
2023-05-17,399.57830810546875
2023-05-18,403.42755126953125
2023-05-19,402.8404846191406
2023-05-22,403.0041198730469
2023-05-23,398.4812316894531
2023-05-24,395.5942687988281
2023-05-25,399.0201416015625
2023-05-26,404.1877746582031
2023-05-30,404.3416442871094
2023-05-31,402.0995788574219
2023-06-01,405.919921875
2023-06-02,411.7899475097656
2023-06-05,411.0008544921875
2023-06-06,411.8958435058594
2023-06-07,410.4715576171875
2023-06-08,412.9543762207031
2023-06-09,413.6953125
2023-06-12,417.44830322265625
2023-06-13,420.20050048828125
2023-06-14,420.7008972167969
2023-06-15,425.91656494140625
2023-06-16,424.4659423828125
2023-06-20,422.263671875
2023-06-21,420.10003662109375
2023-06-22,421.6165466308594
2023-06-23,418.42913818359375
2023-06-26,416.71954345703125
2023-06-27,421.2881164550781
2023-06-28,421.50067138671875
2023-06-29,423.16192626953125
2023-06-30,428.155517578125
2023-07-03,428.6480712890625
2023-07-05,428.0105895996094
2023-07-06,424.6590576171875
2023-07-07,423.5869140625
2023-07-10,424.6590576171875
2023-07-11,427.3634948730469
2023-07-12,430.8020324707031
2023-07-13,434.2212219238281
2023-07-14,433.9508056640625
2023-07-17,435.45758056640625
2023-07-18,438.6932678222656
2023-07-19,439.66888427734375
2023-07-20,436.7518615722656
2023-07-21,436.7518615722656
2023-07-24,438.7029724121094
2023-07-25,439.9006652832031
2023-07-26,439.96826171875
2023-07-27,437.05126953125
2023-07-28,441.33013916015625
2023-07-31,442.1704406738281
2023-08-01,440.9051818847656
2023-08-02,434.7718200683594
2023-08-03,433.52581787109375
2023-08-04,431.5650939941406
2023-08-07,435.3320007324219
2023-08-08,433.43890380859375
2023-08-09,430.5412292480469
2023-08-10,430.69580078125
2023-08-11,430.4446716308594
2023-08-14,432.8207092285156
2023-08-15,427.7788391113281
2023-08-16,424.6397399902344
2023-08-17,421.404052734375
2023-08-18,421.6068420410156
2023-08-21,424.3498840332031
2023-08-22,423.2005310058594
2023-08-23,427.91400146484375
2023-08-24,421.9835510253906
2023-08-25,424.95849609375
2023-08-28,427.6533203125
2023-08-29,433.83489990234375
2023-08-30,435.62176513671875
2023-08-31,434.9842834472656
2023-09-01,435.795654296875
2023-09-05,433.9121398925781
2023-09-06,430.9952392578125
2023-09-07,429.67193603515625
2023-09-08,430.3190612792969
2023-09-11,433.1491394042969
2023-09-12,430.7730712890625
2023-09-13,431.2752685546875
2023-09-14,434.9939270019531
2023-09-15,429.7530212402344
2023-09-18,430.0050354003906
2023-09-19,429.1132507324219
2023-09-20,425.1683044433594
2023-09-21,418.14093017578125
2023-09-22,417.2008056640625
2023-09-25,418.9551696777344
2023-09-26,412.8001403808594
2023-09-27,412.9649658203125
2023-09-28,415.35906982421875
2023-09-29,414.3511047363281
2023-10-02,414.1862487792969
2023-10-03,408.64190673828125
2023-10-04,411.61767578125
2023-10-05,411.46258544921875
2023-10-06,416.3477783203125
2023-10-09,419.0133056640625
2023-10-10,421.1941833496094
2023-10-11,422.9195556640625
2023-10-12,420.34124755859375
2023-10-13,418.2475891113281
2023-10-16,422.6481628417969
2023-10-17,422.6287536621094
2023-10-18,416.9971923828125
2023-10-19,413.3332824707031
2023-10-20,408.25421142578125
2023-10-23,407.5466613769531
2023-10-24,410.6192626953125
2023-10-25,404.7260437011719
2023-10-26,399.87957763671875
2023-10-27,398.06695556640625
2023-10-30,402.826171875
2023-10-31,405.3560485839844
2023-11-01,409.6790466308594
2023-11-02,417.53033447265625
2023-11-03,421.3396301269531
2023-11-06,422.30889892578125
2023-11-07,423.5107727050781
2023-11-08,423.82098388671875
2023-11-09,420.5157470703125
2023-11-10,427.0777893066406
2023-11-13,426.6707458496094
2023-11-14,434.94842529296875
2023-11-15,435.8691711425781
2023-11-16,436.40234375
2023-11-17,436.94512939453125
2023-11-20,440.30853271484375
2023-11-21,439.3489685058594
2023-11-22,441.0451965332031
2023-11-24,441.3166198730469
2023-11-27,440.5218200683594
2023-11-28,440.9579772949219
2023-11-29,440.6477966308594
2023-11-30,442.3828430175781
2023-12-01,444.9999084472656
2023-12-04,442.6639709472656
2023-12-05,442.5766296386719
2023-12-06,440.7931823730469
2023-12-07,444.1566467285156
2023-12-08,446.0661315917969
2023-12-11,447.8011169433594
2023-12-12,449.84637451171875
2023-12-13,456.0497741699219
2023-12-14,457.5133972167969
2023-12-15,456.7601318359375
2023-12-18,459.3294372558594
2023-12-19,462.12255859375
2023-12-20,455.7187805175781
2023-12-21,460.03985595703125
2023-12-22,460.9643859863281
2023-12-26,462.9109191894531
2023-12-27,463.74786376953125
2023-12-28,463.92303466796875
2023-12-29,462.5799865722656
2024-01-02,459.9912414550781
2024-01-03,456.2346496582031
2024-01-04,454.7649841308594
2024-01-05,455.38787841796875
2024-01-08,461.88897705078125
2024-01-09,461.1882629394531
2024-01-10,463.7965087890625
2024-01-11,463.59210205078125
2024-01-12,463.91326904296875
2024-01-16,462.2101135253906
2024-01-17,459.6408996582031
2024-01-18,463.7283935546875
2024-01-19,469.50927734375
2024-01-22,470.50201416015625
2024-01-23,471.8741760253906
2024-01-24,472.3900451660156
2024-01-25,474.95928955078125
2024-01-26,474.3558654785156
2024-01-29,478.11248779296875
2024-01-30,477.74267578125
2024-01-31,469.9472351074219
2024-02-01,476.0980224609375
2024-02-02,481.1100158691406
2024-02-05,479.35821533203125
2024-02-06,480.7499694824219
2024-02-07,484.7596130371094
2024-02-08,484.97369384765625
2024-02-09,487.77655029296875
2024-02-12,487.56243896484375
2024-02-13,480.84722900390625
2024-02-14,485.217041015625
2024-02-15,488.5649108886719
2024-02-16,486.1318664550781
2024-02-20,483.4555358886719
2024-02-21,483.8934326171875
2024-02-22,493.9078674316406
2024-02-23,494.24847412109375
2024-02-26,492.4382629394531
2024-02-27,493.35308837890625
2024-02-28,492.7010498046875
2024-02-29,494.4722595214844
2024-03-01,499.1145324707031
2024-03-04,498.57928466796875
2024-03-05,493.59637451171875
2024-03-06,496.0975646972656
2024-03-07,501.02203369140625
2024-03-08,498.01483154296875
2024-03-11,497.58660888671875
2024-03-12,502.9393005371094
2024-03-13,502.1510009765625
2024-03-14,501.1583251953125
2024-03-15,497.717041015625
2024-03-18,500.6750793457031
2024-03-19,503.4573974609375
2024-03-20,508.114013671875
2024-03-21,509.7931823730469
2024-03-22,508.8267517089844
2024-03-25,507.42095947265625
2024-03-26,506.48370361328125
2024-03-27,510.7401123046875
2024-03-28,510.6424560546875
2024-04-01,509.7540588378906
2024-04-02,506.51300048828125
2024-04-03,507.0694274902344
2024-04-04,500.8800964355469
2024-04-05,506.1127624511719
2024-04-08,506.3958435058594
2024-04-09,506.9815979003906
2024-04-10,501.90509033203125
2024-04-11,505.69293212890625
2024-04-12,498.7128601074219
2024-04-15,492.4648742675781
2024-04-16,491.5667419433594
2024-04-17,488.65753173828125
2024-04-18,487.65203857421875
2024-04-19,483.3956298828125
2024-04-22,487.8472900390625
2024-04-23,493.6363830566406
2024-04-24,493.402099609375
2024-04-25,491.5276794433594
2024-04-26,496.18438720703125
2024-04-29,497.9416198730469
2024-04-30,490.0535888671875
2024-05-01,488.4622802734375
2024-05-02,493.03106689453125
2024-05-03,499.14239501953125
2024-05-06,504.2969055175781
2024-05-07,504.8534240722656
2024-05-08,504.9021301269531
2024-05-09,507.8114318847656
2024-05-10,508.4655456542969
2024-05-13,508.5337829589844
2024-05-14,510.8670654296875
2024-05-15,517.1930541992188
2024-05-16,516.1289672851562
2024-05-17,516.8709106445312
2024-05-20,517.4664306640625
2024-05-21,518.735595703125
2024-05-22,517.241943359375
2024-05-23,513.4638061523438
2024-05-24,516.8612060546875
2024-05-28,517.2223510742188
2024-05-29,513.6004638671875
2024-05-30,510.1933898925781
2024-05-31,514.8402709960938
2024-06-03,515.2600708007812
2024-06-04,515.8361206054688
2024-06-05,521.9669799804688
2024-06-06,521.9570922851562
2024-06-07,521.322509765625
2024-06-10,522.933349609375
2024-06-11,524.1927490234375
2024-06-12,528.4979858398438
2024-06-13,529.5621337890625
2024-06-14,529.8842163085938
2024-06-17,534.1015625
2024-06-18,535.4585571289062
2024-06-20,534.0039672851562
2024-06-21,533.2880859375
2024-06-24,531.554443359375
2024-06-25,533.6014404296875
2024-06-26,534.2675170898438
2024-06-27,535.1096801757812
2024-06-28,533.0040283203125
2024-07-01,534.1008911132812
2024-07-02,537.6953735351562
2024-07-03,540.0947875976562
2024-07-05,543.209228515625
2024-07-08,543.8361206054688
2024-07-09,544.3649291992188
2024-07-10,549.7516479492188
2024-07-11,545.0112915039062
2024-07-12,548.448974609375
2024-07-15,549.9572143554688
2024-07-16,553.2185668945312
2024-07-17,545.4618530273438
2024-07-18,541.2700805664062
2024-07-19,537.67578125
2024-07-22,543.2191162109375
2024-07-23,542.3670043945312
2024-07-24,530.0755615234375
2024-07-25,527.313720703125
2024-07-26,533.2194213867188
2024-07-29,533.532958984375
2024-07-30,530.8298950195312
2024-07-31,539.4580688476562
2024-08-01,531.8189697265625
2024-08-02,521.9173583984375
2024-08-05,506.7171630859375
2024-08-06,511.3888854980469
2024-08-07,507.97076416015625
2024-08-08,519.7137451171875
2024-08-09,522.0054321289062
2024-08-12,522.2796630859375
2024-08-13,530.8689575195312
2024-08-14,532.5435791015625
2024-08-15,541.6715698242188
2024-08-16,542.8861083984375
2024-08-19,548.0767822265625
2024-08-20,547.185546875
2024-08-21,549.0659790039062
2024-08-22,544.7567138671875
2024-08-23,550.544921875
2024-08-26,549.2324829101562
2024-08-27,549.9866943359375
2024-08-28,546.7938232421875
2024-08-29,546.8427734375
2024-08-30,552.0629272460938
2024-09-03,540.7020263671875
2024-09-04,539.5953979492188
2024-09-05,538.282958984375
2024-09-06,529.2235107421875
2024-09-09,535.1488037109375
2024-09-10,537.4797973632812
2024-09-11,542.9937744140625
2024-09-12,547.5675659179688
2024-09-13,550.4273681640625
2024-09-16,551.2403564453125
2024-09-17,551.465576171875
2024-09-18,549.8300170898438
2024-09-19,559.2125244140625
2024-09-20,558.2457275390625
2024-09-23,559.6408081054688
2024-09-24,561.2421264648438
2024-09-25,560.0042114257812
2024-09-26,562.2245483398438
2024-09-27,561.4090576171875
2024-09-30,563.6588134765625
2024-10-01,558.609375
2024-10-02,558.8450317382812
2024-10-03,557.8234252929688
2024-10-04,562.892578125
2024-10-07,557.8037719726562
2024-10-08,563.0791625976562
2024-10-09,566.9793090820312
2024-10-10,565.9871215820312
2024-10-11,569.3763427734375
2024-10-14,574.032958984375
2024-10-15,569.5728759765625
2024-10-16,572.0484619140625
2024-10-17,572.0975952148438
2024-10-18,574.2981567382812
2024-10-21,573.3551025390625
2024-10-22,573.050537109375
2024-10-23,567.8142700195312
2024-10-24,569.0424194335938
2024-10-25,568.8458862304688
2024-10-28,570.6044311523438
2024-10-29,571.5277709960938
2024-10-30,569.7988891601562
2024-10-31,558.6290283203125
2024-11-01,560.9866943359375
2024-11-04,559.7783203125
2024-11-05,566.547119140625
2024-11-06,580.6345825195312
2024-11-07,585.1240844726562
2024-11-08,587.6586303710938
2024-11-11,588.2186889648438
2024-11-12,586.3915405273438
2024-11-13,586.6763916015625
2024-11-14,582.904052734375
2024-11-15,575.4378051757812
2024-11-18,577.7954711914062
2024-11-19,579.9075317382812
2024-11-20,580.1041259765625
2024-11-21,583.2182006835938
2024-11-22,585.0259399414062
2024-11-25,587.0103149414062
2024-11-26,590.075439453125
2024-11-27,588.2874145507812
2024-11-29,591.9420166015625
2024-12-02,593.0029907226562
2024-12-03,593.2779541015625
2024-12-04,596.9619750976562
2024-12-05,595.9796142578125
2024-12-06,597.1094360351562
2024-12-09,594.0344848632812
2024-12-10,592.1875
2024-12-11,596.7655639648438
2024-12-12,593.6906127929688
2024-12-13,593.5728149414062
2024-12-16,596.1072998046875
2024-12-17,593.6513061523438
2024-12-18,575.9584350585938
2024-12-19,575.7815551757812
2024-12-20,582.6973266601562
2024-12-23,586.1866455078125
2024-12-24,592.7021484375
2024-12-26,592.7416381835938
2024-12-27,586.5020141601562
2024-12-30,579.80908203125
2024-12-31,577.6997680664062
2025-01-02,576.2803344726562
2025-01-03,583.4857788085938
2025-01-06,586.8470458984375
2025-01-07,580.2132568359375
2025-01-08,581.0609130859375
2025-01-10,572.1896362304688
2025-01-13,573.0768432617188
2025-01-14,573.8653564453125
2025-01-15,584.303955078125
2025-01-16,583.1802368164062
2025-01-17,589.0353393554688
2025-01-21,594.4270629882812
2025-01-22,597.7686157226562
2025-01-23,601.0313110351562
2025-01-24,599.2767333984375
2025-01-27,590.7997436523438
2025-01-28,595.8760986328125
2025-01-29,593.2047729492188
2025-01-30,596.3886108398438
2025-01-31,593.2147827148438
2025-02-03,589.2225952148438
2025-02-04,593.17529296875
2025-02-05,595.580322265625
2025-02-06,597.650390625
2025-02-07,592.1796875
2025-02-10,596.2013549804688
2025-02-11,596.65478515625
2025-02-12,594.7327270507812
2025-02-13,601.0115966796875
2025-02-14,600.9819946289062
2025-02-18,602.7463989257812
2025-02-19,604.1658325195312
2025-02-20,601.6522827148438
2025-02-21,591.361572265625
2025-02-24,588.670654296875
2025-02-25,585.7430419921875
2025-02-26,586.0387573242188
2025-02-27,576.6843872070312
2025-02-28,585.6839599609375
2025-03-03,575.4227294921875
2025-03-04,568.611572265625
2025-03-05,574.7229614257812
2025-03-06,564.52099609375
2025-03-07,567.68505859375
2025-03-10,552.5643920898438
2025-03-11,547.970947265625
2025-03-12,550.8787841796875
2025-03-13,543.5353393554688
2025-03-14,554.7625122070312
2025-03-17,559.0404663085938
2025-03-18,552.9981689453125
2025-03-19,559.0206909179688
2025-03-20,557.4041748046875
2025-03-21,557.5880737304688
2025-03-24,567.5736083984375
2025-03-25,568.93798828125
2025-03-26,562.1458129882812
2025-03-27,560.6529541015625
2025-03-28,549.3623657226562
2025-03-31,553.0501098632812
2025-04-01,554.6121215820312
2025-04-02,558.1219482421875
2025-04-03,530.6173095703125
2025-04-04,499.5533447265625
2025-04-07,498.6635437011719
2025-04-08,490.8531188964844
2025-04-09,542.4021606445312
2025-04-10,518.6347045898438
2025-04-11,527.8885498046875
2025-04-14,533.0098266601562
2025-04-15,531.516845703125
2025-04-16,519.702392578125
2025-04-17,520.44384765625
2025-04-21,508.05584716796875
2025-04-22,521.2744140625
2025-04-23,529.3516845703125
2025-04-24,540.4940795898438
2025-04-25,544.3992309570312
2025-04-28,544.6068725585938
2025-04-29,548.0374755859375
2025-04-30,548.2550659179688
2025-05-01,552.1405029296875
2025-05-02,560.3365478515625
2025-05-05,557.1234130859375
2025-05-06,552.4667358398438
2025-05-07,554.7901611328125
2025-05-08,558.6558227539062
2025-05-09,557.9440307617188
2025-05-12,576.3826293945312
2025-05-13,580.18896484375
2025-05-14,580.9304809570312
2025-05-15,583.7679443359375
2025-05-16,587.465576171875
2025-05-19,588.108154296875
2025-05-20,586.130859375
2025-05-21,576.254150390625
2025-05-22,576.4814453125
2025-05-23,572.5465698242188
2025-05-27,584.4501953125
2025-05-28,581.06884765625
2025-05-29,583.362548828125
2025-05-30,582.7100830078125
2025-06-02,585.9924926757812
2025-06-03,589.3341674804688
2025-06-04,589.1759033203125
2025-06-05,586.3285522460938
2025-06-06,592.3495483398438
2025-06-09,592.8834228515625
2025-06-10,596.2449340820312
2025-06-11,594.54443359375
2025-06-12,596.9072875976562
2025-06-13,590.2338256835938
2025-06-16,595.8494262695312
2025-06-17,590.7578125
2025-06-18,590.6688842773438
2025-06-20,589.2816162109375
2025-06-23,595.1022338867188
2025-06-24,601.6764526367188
2025-06-25,602.0136108398438
2025-06-26,606.7236328125
2025-06-27,609.738037109375
2025-06-30,612.6533813476562
2025-07-01,612.455078125
2025-07-02,615.2315063476562
2025-07-03,620.0803833007812
2025-07-07,615.4595336914062
2025-07-08,615.1224365234375
2025-07-09,618.8110961914062
2025-07-10,620.5563354492188
2025-07-11,618.3748168945312
2025-07-14,619.5547485351562
2025-07-15,616.9072875976562
2025-07-16,618.9697265625
2025-07-17,622.7576293945312
2025-07-18,622.301513671875
2025-07-21,623.4815063476562
2025-07-22,623.5707397460938
2025-07-23,628.8757934570312
2025-07-24,629.083984375
2025-07-25,631.741455078125
2025-07-28,631.5828247070312
2025-07-29,629.9168701171875
2025-07-30,629.1236572265625
2025-07-31,626.7637329101562
2025-08-01,616.49072265625
2025-08-04,625.8612670898438
2025-08-05,622.6881713867188
2025-08-06,627.457763671875
2025-08-07,626.9321899414062
2025-08-08,631.8207397460938
2025-08-11,630.5713500976562
2025-08-12,637.2844848632812
2025-08-13,639.4659423828125
2025-08-14,639.525390625
2025-08-15,638.0281372070312
2025-08-18,637.8892822265625
2025-08-19,634.4286499023438
2025-08-20,632.742919921875
2025-08-21,630.2044677734375
2025-08-22,639.8824462890625
2025-08-25,637.0662231445312
2025-08-26,639.733642578125
2025-08-27,641.1912841796875
2025-08-28,643.4619750976562
2025-08-29,639.6245727539062
2025-09-02,634.884765625
2025-09-03,638.3255615234375
2025-09-04,643.6602783203125
2025-09-05,641.796142578125
2025-09-08,643.3727416992188
2025-09-09,644.8601684570312
2025-09-10,646.724365234375
2025-09-11,652.0988159179688
2025-09-12,651.880615234375
2025-09-15,655.3511352539062
2025-09-16,654.4488525390625
2025-09-17,653.6357421875
2025-09-18,656.6898193359375
2025-09-19,659.9423217773438
2025-09-22,663.0645141601562
2025-09-23,659.4551391601562
2025-09-24,657.3569946289062
2025-09-25,654.3242797851562
2025-09-26,658.072998046875
2025-09-29,659.9224243164062
2025-09-30,662.4082641601562
2025-10-01,664.6654663085938
2025-10-02,665.4309692382812
2025-10-03,665.421142578125
2025-10-06,667.8074951171875
2025-10-07,665.3316040039062
2025-10-08,669.2990112304688
2025-10-09,667.3600463867188
2025-10-10,649.32275390625
2025-10-13,659.2860107421875
2025-10-14,658.4805908203125
2025-10-15,661.4039916992188
2025-10-16,656.899658203125
2025-10-17,660.62841796875
2025-10-20,667.499267578125
2025-10-21,667.4892578125
2025-10-22,664.0191040039062
2025-10-23,667.9566650390625
2025-10-24,673.4155883789062
2025-10-27,681.3603515625
2025-10-28,683.1700439453125
2025-10-29,683.4981689453125
2025-10-30,675.98095703125
2025-10-31,678.1983642578125
2025-11-03,679.4711303710938
2025-11-04,671.4169921875
2025-11-05,673.7437133789062
2025-11-06,666.514892578125
2025-11-07,667.1710815429688
2025-11-10,677.5819091796875
2025-11-11,679.1329956054688
2025-11-12,679.5108642578125
2025-11-13,668.2350463867188
2025-11-14,668.125732421875
2025-11-17,661.901123046875
2025-11-18,656.3428344726562
2025-11-19,658.87841796875
2025-11-20,648.8355712890625
2025-11-21,655.2987670898438
2025-11-24,664.9437866210938
2025-11-25,671.1981811523438
2025-11-26,675.8318481445312
2025-11-28,679.5208129882812
2025-12-01,676.4185180664062
2025-12-02,677.67138671875
2025-12-03,680.0180053710938
2025-12-04,680.51513671875
2025-12-05,681.8078002929688
2025-12-08,679.7594604492188
2025-12-09,679.1727294921875
2025-12-10,683.6771850585938
2025-12-11,685.26806640625
2025-12-12,677.9000244140625
2025-12-15,676.8758544921875
2025-12-16,675.0264282226562
2025-12-17,667.5986938476562
2025-12-18,672.6399536132812
2025-12-19,678.7363891601562
2025-12-22,682.96484375
2025-12-23,686.0863037109375
2025-12-24,688.4996948242188
2025-12-26,688.4298706054688
2025-12-29,685.9765625
2025-12-30,685.138916015625
2025-12-31,680.062744140625
2026-01-02,681.309326171875
2026-01-05,685.846923828125
2026-01-06,689.92578125
2026-01-07,687.701904296875
2026-01-08,687.632080078125
2026-01-09,692.1796264648438
2026-01-12,693.2666625976562
2026-01-13,691.8804931640625
2026-01-14,688.479736328125
2026-01-15,690.3546142578125
2026-01-16,689.7761840820312
2026-01-20,675.7345581054688
2026-01-21,683.5332641601562
2026-01-22,687.103515625
2026-01-23,687.352783203125
2026-01-26,690.84326171875
2026-01-27,693.5957641601562
2026-01-28,693.5259399414062
2026-01-29,692.1497192382812
2026-01-30,690.0853271484375
2026-02-02,693.5159912109375
2026-02-03,687.6520385742188
2026-02-04,684.3211059570312
2026-02-05,675.7744750976562
2026-02-06,688.739013671875
2026-02-09,692.0599975585938
2026-02-10,690.2349243164062
2026-02-11,690.075439453125
2026-02-12,679.41455078125
2026-02-13,679.8931884765625
2026-02-17,680.9901733398438
2026-02-18,684.4208374023438
2026-02-19,682.61572265625
2026-02-20,687.5523071289062
2026-02-23,680.531494140625
2026-02-24,685.4779052734375
2026-02-25,691.26220703125
2026-02-26,687.422607421875
2026-02-27,684.1216430664062
2026-03-02,684.5106201171875
2026-03-03,678.4771118164062
2026-03-04,683.2639770507812
2026-03-05,679.4544067382812
2026-03-06,670.5487060546875
2026-03-09,676.4227294921875
2026-03-10,675.3356323242188
2026-03-11,674.4879760742188
2026-03-12,664.2459106445312
2026-03-13,660.4862060546875
2026-03-16,667.2078857421875
2026-03-17,668.9630126953125
2026-03-18,659.6285400390625
2026-03-19,658.0029907226562
2026-03-20,648.5700073242188
2026-03-23,655.3800048828125
2026-03-24,653.1799926757812
2026-03-25,656.8200073242188
2026-03-26,645.0900268554688
2026-03-27,634.0900268554688
2026-03-30,631.969970703125
2026-03-31,650.3400268554688
2026-04-01,655.239990234375
2026-04-02,655.8300170898438
2026-04-06,658.9299926757812
2026-04-07,659.0
